{
  "name": "ESPSupabase",
  "keywords": "supabase, postgresql, rest, database, IoT",
  "version": "0.1.0",
  "description": "A Arduino Platform Library for connecting ESP32/ESP8266 to Supabase, including user authentication",
  "authors": [
    {
      "name": "Jhagas Hana Winaya",
      "email": "jhagas@e.email"
    },
    {
      "name": "Achmad Nashruddin Riskynanda",
      "email": "achmad.riskynanda01@gmail.com"
    }
  ],
  "license": "MIT",
  "frameworks": "arduino",
  "platforms": "espressif32",
  "examples": "examples/*/*.ino",
  "dependencies": {
    "bblanchon/ArduinoJson": "^7.1.0",
    "links2004/WebSockets": "^2.4.1"
  },
  "repository": {
    "type": "git",
    "url": "https://github.com/jhagas/ESPSupabase.git"
  }
}
